year,Country,drug,Comments_fuzzy,Comments_NN,post_NN,post_fuzzy,total,latitude,longitude,ISO3
2019,GERMANY,GHB,0,0,0,0,0,52.52,13.405,DEU
2019,ITALY,GHB,0,0,0,0,0,41.9028,12.4964,ITA
2019,POLAND,GHB,0,0,0,0,0,52.2297,21.0122,POL
2019,UK,GHB,0,0,0,0,0,51.509865,-0.118092,UK
2020,BELGIUM,GHB,3,0,0,0,3,50.8503,4.3517,BEL
2020,CZECHIA,GHB,0,0,0,0,0,50.088,14.4208,CZE
2020,DENMARK,GHB,0,0,0,0,0,55.6761,12.5683,DNK
2020,GERMANY,GHB,5,0,0,0,5,52.52,13.405,DEU
2020,IRELAND,GHB,3,0,0,0,3,53.3498,6.2603,IRL
2020,ITALY,GHB,2,0,0,0,2,41.9028,12.4964,ITA
2020,LUXEMBOURG,GHB,0,0,0,0,0,49.6117,6.1319,LUX
2020,NETHERLANDS,GHB,0,0,0,0,0,52.3676,4.9041,NLD
2020,POLAND,GHB,0,0,0,0,0,52.2297,21.0122,POL
2020,PORTUGAL,GHB,1,0,0,0,1,38.7223,-9.1393,PRT
2020,SPAIN,GHB,0,0,0,0,0,40.4168,-3.7038,ESP
2020,SWEDEN,GHB,1,0,0,0,1,59.3293,18.0686,SWE
2020,UK,GHB,64,0,0,1,65,51.509865,-0.118092,UK
2021,BELGIUM,GHB,5,0,0,0,5,50.8503,4.3517,BEL
2021,CZECHIA,GHB,1,0,0,0,1,50.088,14.4208,CZE
2021,DENMARK,GHB,0,0,0,0,0,55.6761,12.5683,DNK
2021,GERMANY,GHB,16,0,0,0,16,52.52,13.405,DEU
2021,IRELAND,GHB,1,0,0,0,1,53.3498,6.2603,IRL
2021,ITALY,GHB,5,0,0,0,5,41.9028,12.4964,ITA
2021,LUXEMBOURG,GHB,0,0,0,0,0,49.6117,6.1319,LUX
2021,NETHERLANDS,GHB,4,0,0,0,4,52.3676,4.9041,NLD
2021,POLAND,GHB,0,0,0,0,0,52.2297,21.0122,POL
2021,PORTUGAL,GHB,0,0,0,0,0,38.7223,-9.1393,PRT
2021,SPAIN,GHB,0,0,0,0,0,40.4168,-3.7038,ESP
2021,SWEDEN,GHB,2,0,0,1,3,59.3293,18.0686,SWE
2021,UK,GHB,55,0,0,1,56,51.509865,-0.118092,UK
2022,BELGIUM,GHB,6,0,0,0,6,50.8503,4.3517,BEL
2022,CZECHIA,GHB,0,0,0,0,0,50.088,14.4208,CZE
2022,DENMARK,GHB,0,0,0,0,0,55.6761,12.5683,DNK
2022,GERMANY,GHB,37,0,0,1,38,52.52,13.405,DEU
2022,IRELAND,GHB,0,0,0,0,0,53.3498,6.2603,IRL
2022,ITALY,GHB,0,0,0,0,0,41.9028,12.4964,ITA
2022,LUXEMBOURG,GHB,0,0,0,0,0,49.6117,6.1319,LUX
2022,NETHERLANDS,GHB,0,0,0,0,0,52.3676,4.9041,NLD
2022,POLAND,GHB,0,0,0,0,0,52.2297,21.0122,POL
2022,PORTUGAL,GHB,1,0,0,0,1,38.7223,-9.1393,PRT
2022,SPAIN,GHB,0,0,0,0,0,40.4168,-3.7038,ESP
2022,SWEDEN,GHB,6,0,0,0,6,59.3293,18.0686,SWE
2022,UK,GHB,96,0,0,0,96,51.509865,-0.118092,UK
2023,BELGIUM,GHB,0,0,0,0,0,50.8503,4.3517,BEL
2023,CZECHIA,GHB,0,0,0,0,0,50.088,14.4208,CZE
2023,DENMARK,GHB,0,0,0,0,0,55.6761,12.5683,DNK
2023,GERMANY,GHB,3,0,0,0,3,52.52,13.405,DEU
2023,IRELAND,GHB,0,0,0,0,0,53.3498,6.2603,IRL
2023,ITALY,GHB,1,0,0,0,1,41.9028,12.4964,ITA
2023,LUXEMBOURG,GHB,0,0,0,0,0,49.6117,6.1319,LUX
2023,NETHERLANDS,GHB,1,0,0,0,1,52.3676,4.9041,NLD
2023,POLAND,GHB,1,0,0,0,1,52.2297,21.0122,POL
2023,PORTUGAL,GHB,0,0,0,0,0,38.7223,-9.1393,PRT
2023,SPAIN,GHB,0,0,0,0,0,40.4168,-3.7038,ESP
2023,SWEDEN,GHB,2,0,0,0,2,59.3293,18.0686,SWE
2023,UK,GHB,69,0,0,0,69,51.509865,-0.118092,UK
2019,GERMANY,COCAINE,0,0,0,0,0,52.52,13.405,DEU
2019,ITALY,COCAINE,0,0,0,0,0,41.9028,12.4964,ITA
2019,POLAND,COCAINE,1,0,0,0,1,52.2297,21.0122,POL
2019,UK,COCAINE,2,0,0,0,2,51.509865,-0.118092,UK
2020,BELGIUM,COCAINE,974,817,0,30,1821,50.8503,4.3517,BEL
2020,CZECHIA,COCAINE,95,90,0,6,191,50.088,14.4208,CZE
2020,DENMARK,COCAINE,42,6,0,1,49,55.6761,12.5683,DNK
2020,GERMANY,COCAINE,1376,1047,0,57,2480,52.52,13.405,DEU
2020,IRELAND,COCAINE,461,181,0,23,665,53.3498,6.2603,IRL
2020,ITALY,COCAINE,1019,517,0,25,1561,41.9028,12.4964,ITA
2020,LUXEMBOURG,COCAINE,54,45,0,9,108,49.6117,6.1319,LUX
2020,NETHERLANDS,COCAINE,357,272,0,28,657,52.3676,4.9041,NLD
2020,POLAND,COCAINE,256,171,0,18,445,52.2297,21.0122,POL
2020,PORTUGAL,COCAINE,278,203,0,6,487,38.7223,-9.1393,PRT
2020,SPAIN,COCAINE,49,52,0,9,110,40.4168,-3.7038,ESP
2020,SWEDEN,COCAINE,527,291,0,32,850,59.3293,18.0686,SWE
2020,UK,COCAINE,8477,9178,1132,282,19069,51.509865,-0.118092,UK
2021,BELGIUM,COCAINE,1186,1032,0,35,2253,50.8503,4.3517,BEL
2021,CZECHIA,COCAINE,194,176,0,8,378,50.088,14.4208,CZE
2021,DENMARK,COCAINE,54,12,0,3,69,55.6761,12.5683,DNK
2021,GERMANY,COCAINE,1709,1265,0,94,3068,52.52,13.405,DEU
2021,IRELAND,COCAINE,376,127,0,18,521,53.3498,6.2603,IRL
2021,ITALY,COCAINE,1149,584,0,14,1747,41.9028,12.4964,ITA
2021,LUXEMBOURG,COCAINE,138,95,0,11,244,49.6117,6.1319,LUX
2021,NETHERLANDS,COCAINE,578,405,0,42,1025,52.3676,4.9041,NLD
2021,POLAND,COCAINE,395,339,0,21,755,52.2297,21.0122,POL
2021,PORTUGAL,COCAINE,644,327,0,15,986,38.7223,-9.1393,PRT
2021,SPAIN,COCAINE,127,107,0,20,254,40.4168,-3.7038,ESP
2021,SWEDEN,COCAINE,650,356,0,33,1039,59.3293,18.0686,SWE
2021,UK,COCAINE,13243,11819,1187,481,26730,51.509865,-0.118092,UK
2022,BELGIUM,COCAINE,1869,1617,0,40,3526,50.8503,4.3517,BEL
2022,CZECHIA,COCAINE,308,219,0,11,538,50.088,14.4208,CZE
2022,DENMARK,COCAINE,125,47,0,8,180,55.6761,12.5683,DNK
2022,GERMANY,COCAINE,2315,2167,0,90,4572,52.52,13.405,DEU
2022,IRELAND,COCAINE,211,78,0,4,293,53.3498,6.2603,IRL
2022,ITALY,COCAINE,980,465,0,13,1458,41.9028,12.4964,ITA
2022,LUXEMBOURG,COCAINE,127,166,0,11,304,49.6117,6.1319,LUX
2022,NETHERLANDS,COCAINE,561,457,0,11,1029,52.3676,4.9041,NLD
2022,POLAND,COCAINE,703,610,0,38,1351,52.2297,21.0122,POL
2022,PORTUGAL,COCAINE,704,410,0,58,1172,38.7223,-9.1393,PRT
2022,SPAIN,COCAINE,101,85,0,9,195,40.4168,-3.7038,ESP
2022,SWEDEN,COCAINE,1114,742,0,44,1900,59.3293,18.0686,SWE
2022,UK,COCAINE,19568,19273,1384,392,40617,51.509865,-0.118092,UK
2023,BELGIUM,COCAINE,1268,1018,0,29,2315,50.8503,4.3517,BEL
2023,CZECHIA,COCAINE,316,252,0,9,577,50.088,14.4208,CZE
2023,DENMARK,COCAINE,68,24,0,7,99,55.6761,12.5683,DNK
2023,GERMANY,COCAINE,1313,1604,0,65,2982,52.52,13.405,DEU
2023,IRELAND,COCAINE,174,78,0,13,265,53.3498,6.2603,IRL
2023,ITALY,COCAINE,528,296,0,8,832,41.9028,12.4964,ITA
2023,LUXEMBOURG,COCAINE,161,195,0,5,361,49.6117,6.1319,LUX
2023,NETHERLANDS,COCAINE,816,670,0,27,1513,52.3676,4.9041,NLD
2023,POLAND,COCAINE,495,640,0,30,1165,52.2297,21.0122,POL
2023,PORTUGAL,COCAINE,408,282,0,48,738,38.7223,-9.1393,PRT
2023,SPAIN,COCAINE,89,66,0,6,161,40.4168,-3.7038,ESP
2023,SWEDEN,COCAINE,838,619,0,44,1501,59.3293,18.0686,SWE
2023,UK,COCAINE,11255,12528,840,239,24862,51.509865,-0.118092,UK
2019,GERMANY,marijuana,0,2,0,0,2,52.52,13.405,DEU
2019,ITALY,marijuana,1,1,0,0,2,41.9028,12.4964,ITA
2019,POLAND,marijuana,0,0,0,0,0,52.2297,21.0122,POL
2019,UK,marijuana,3,12,0,0,15,51.509865,-0.118092,UK
2020,BELGIUM,marijuana,3028,6722,0,100,9850,50.8503,4.3517,BEL
2020,CZECHIA,marijuana,300,587,0,29,916,50.088,14.4208,CZE
2020,DENMARK,marijuana,3602,3667,0,431,7700,55.6761,12.5683,DNK
2020,GERMANY,marijuana,37951,34931,0,1486,74368,52.52,13.405,DEU
2020,IRELAND,marijuana,11470,5775,0,1316,18561,53.3498,6.2603,IRL
2020,ITALY,marijuana,3462,6498,0,145,10105,41.9028,12.4964,ITA
2020,LUXEMBOURG,marijuana,143,347,0,28,518,49.6117,6.1319,LUX
2020,NETHERLANDS,marijuana,6221,8521,0,454,15196,52.3676,4.9041,NLD
2020,POLAND,marijuana,434,1065,0,43,1542,52.2297,21.0122,POL
2020,PORTUGAL,marijuana,1768,2427,0,119,4314,38.7223,-9.1393,PRT
2020,SPAIN,marijuana,190,412,0,21,623,40.4168,-3.7038,ESP
2020,SWEDEN,marijuana,3899,7245,0,356,11500,59.3293,18.0686,SWE
2020,UK,marijuana,54564,65552,5207,4894,130217,51.509865,-0.118092,UK
2021,BELGIUM,marijuana,3572,7735,0,108,11415,50.8503,4.3517,BEL
2021,CZECHIA,marijuana,447,1220,0,33,1700,50.088,14.4208,CZE
2021,DENMARK,marijuana,5366,5798,0,625,11789,55.6761,12.5683,DNK
2021,GERMANY,marijuana,56325,50646,0,2029,109000,52.52,13.405,DEU
2021,IRELAND,marijuana,11064,5021,0,1247,17332,53.3498,6.2603,IRL
2021,ITALY,marijuana,5278,7752,0,120,13150,41.9028,12.4964,ITA
2021,LUXEMBOURG,marijuana,374,692,0,41,1107,49.6117,6.1319,LUX
2021,NETHERLANDS,marijuana,5858,10307,0,195,16360,52.3676,4.9041,NLD
2021,POLAND,marijuana,1030,2128,0,95,3253,52.2297,21.0122,POL
2021,PORTUGAL,marijuana,2611,3901,0,150,6662,38.7223,-9.1393,PRT
2021,SPAIN,marijuana,426,679,0,38,1143,40.4168,-3.7038,ESP
2021,SWEDEN,marijuana,5442,9403,0,423,15268,59.3293,18.0686,SWE
2021,UK,marijuana,64399,80065,5326,4430,154220,51.509865,-0.118092,UK
2022,BELGIUM,marijuana,5673,12139,0,189,18001,50.8503,4.3517,BEL
2022,CZECHIA,marijuana,803,2134,0,48,2985,50.088,14.4208,CZE
2022,DENMARK,marijuana,5988,6724,0,747,13459,55.6761,12.5683,DNK
2022,GERMANY,marijuana,53160,50416,0,1584,105160,52.52,13.405,DEU
2022,IRELAND,marijuana,6802,3198,0,739,10739,53.3498,6.2603,IRL
2022,ITALY,marijuana,12293,8029,0,71,20393,41.9028,12.4964,ITA
2022,LUXEMBOURG,marijuana,592,1111,0,50,1753,49.6117,6.1319,LUX
2022,NETHERLANDS,marijuana,9418,13091,0,941,23450,52.3676,4.9041,NLD
2022,POLAND,marijuana,2260,4765,0,95,7120,52.2297,21.0122,POL
2022,PORTUGAL,marijuana,3440,5398,0,227,9065,38.7223,-9.1393,PRT
2022,SPAIN,marijuana,339,785,0,67,1191,40.4168,-3.7038,ESP
2022,SWEDEN,marijuana,9959,18260,0,482,28701,59.3293,18.0686,SWE
2022,UK,marijuana,99705,127423,7107,4655,238890,51.509865,-0.118092,UK
2023,BELGIUM,marijuana,3624,9684,0,143,13451,50.8503,4.3517,BEL
2023,CZECHIA,marijuana,819,2385,0,71,3275,50.088,14.4208,CZE
2023,DENMARK,marijuana,2951,3996,0,453,7400,55.6761,12.5683,DNK
2023,GERMANY,marijuana,28556,32421,0,1638,62615,52.52,13.405,DEU
2023,IRELAND,marijuana,5836,3167,0,770,9773,53.3498,6.2603,IRL
2023,ITALY,marijuana,1732,4102,0,48,5882,41.9028,12.4964,ITA
2023,LUXEMBOURG,marijuana,537,1203,0,45,1785,49.6117,6.1319,LUX
2023,NETHERLANDS,marijuana,8413,16312,0,1004,25729,52.3676,4.9041,NLD
2023,POLAND,marijuana,1597,4000,0,126,5723,52.2297,21.0122,POL
2023,PORTUGAL,marijuana,1696,3248,0,177,5121,38.7223,-9.1393,PRT
2023,SPAIN,marijuana,213,633,0,20,866,40.4168,-3.7038,ESP
2023,SWEDEN,marijuana,6566,16311,0,443,23320,59.3293,18.0686,SWE
2023,UK,marijuana,53794,81791,4429,2893,142907,51.509865,-0.118092,UK
2019,GERMANY,oxy,1,0,0,0,1,52.52,13.405,DEU
2019,ITALY,oxy,0,0,0,0,0,41.9028,12.4964,ITA
2019,POLAND,oxy,0,0,0,0,0,52.2297,21.0122,POL
2019,UK,oxy,0,1,0,0,1,51.509865,-0.118092,UK
2020,BELGIUM,oxy,807,822,0,19,1648,50.8503,4.3517,BEL
2020,CZECHIA,oxy,123,75,0,13,211,50.088,14.4208,CZE
2020,DENMARK,oxy,212,124,0,32,368,55.6761,12.5683,DNK
2020,GERMANY,oxy,1405,1132,0,33,2570,52.52,13.405,DEU
2020,IRELAND,oxy,586,79,0,37,702,53.3498,6.2603,IRL
2020,ITALY,oxy,543,647,0,14,1204,41.9028,12.4964,ITA
2020,LUXEMBOURG,oxy,94,66,0,14,174,49.6117,6.1319,LUX
2020,NETHERLANDS,oxy,441,478,0,20,939,52.3676,4.9041,NLD
2020,POLAND,oxy,121,109,0,10,240,52.2297,21.0122,POL
2020,PORTUGAL,oxy,114,153,0,10,277,38.7223,-9.1393,PRT
2020,SPAIN,oxy,19,21,0,6,46,40.4168,-3.7038,ESP
2020,SWEDEN,oxy,1061,978,0,20,2059,59.3293,18.0686,SWE
2020,UK,oxy,3145,2109,20,109,5383,51.509865,-0.118092,UK
2021,BELGIUM,oxy,919,991,0,19,1929,50.8503,4.3517,BEL
2021,CZECHIA,oxy,194,139,0,16,349,50.088,14.4208,CZE
2021,DENMARK,oxy,917,480,0,105,1502,55.6761,12.5683,DNK
2021,GERMANY,oxy,2330,1806,0,63,4199,52.52,13.405,DEU
2021,IRELAND,oxy,549,65,0,31,645,53.3498,6.2603,IRL
2021,ITALY,oxy,532,604,0,8,1144,41.9028,12.4964,ITA
2021,LUXEMBOURG,oxy,224,103,0,18,345,49.6117,6.1319,LUX
2021,NETHERLANDS,oxy,513,557,0,16,1086,52.3676,4.9041,NLD
2021,POLAND,oxy,237,178,0,12,427,52.2297,21.0122,POL
2021,PORTUGAL,oxy,222,274,0,15,511,38.7223,-9.1393,PRT
2021,SPAIN,oxy,26,46,0,1,73,40.4168,-3.7038,ESP
2021,SWEDEN,oxy,1389,1364,0,27,2780,59.3293,18.0686,SWE
2021,UK,oxy,4117,3063,27,104,7311,51.509865,-0.118092,UK
2022,BELGIUM,oxy,1526,1418,0,39,2983,50.8503,4.3517,BEL
2022,CZECHIA,oxy,382,364,0,21,767,50.088,14.4208,CZE
2022,DENMARK,oxy,3606,1757,0,452,5815,55.6761,12.5683,DNK
2022,GERMANY,oxy,2889,2797,0,68,5754,52.52,13.405,DEU
2022,IRELAND,oxy,385,43,0,24,452,53.3498,6.2603,IRL
2022,ITALY,oxy,626,660,0,11,1297,41.9028,12.4964,ITA
2022,LUXEMBOURG,oxy,314,205,0,25,544,49.6117,6.1319,LUX
2022,NETHERLANDS,oxy,882,830,0,47,1759,52.3676,4.9041,NLD
2022,POLAND,oxy,542,410,0,34,986,52.2297,21.0122,POL
2022,PORTUGAL,oxy,308,369,0,27,704,38.7223,-9.1393,PRT
2022,SPAIN,oxy,25,53,0,2,80,40.4168,-3.7038,ESP
2022,SWEDEN,oxy,2602,2776,0,42,5420,59.3293,18.0686,SWE
2022,UK,oxy,6689,4922,31,102,11744,51.509865,-0.118092,UK
2023,BELGIUM,oxy,1170,1115,0,54,2339,50.8503,4.3517,BEL
2023,CZECHIA,oxy,445,445,0,18,908,50.088,14.4208,CZE
2023,DENMARK,oxy,1410,825,0,290,2525,55.6761,12.5683,DNK
2023,GERMANY,oxy,1796,1844,0,74,3714,52.52,13.405,DEU
2023,IRELAND,oxy,261,36,0,20,317,53.3498,6.2603,IRL
2023,ITALY,oxy,411,440,0,4,855,41.9028,12.4964,ITA
2023,LUXEMBOURG,oxy,417,263,0,36,716,49.6117,6.1319,LUX
2023,NETHERLANDS,oxy,796,933,0,37,1766,52.3676,4.9041,NLD
2023,POLAND,oxy,441,431,0,31,903,52.2297,21.0122,POL
2023,PORTUGAL,oxy,142,266,0,14,422,38.7223,-9.1393,PRT
2023,SPAIN,oxy,21,35,0,3,59,40.4168,-3.7038,ESP
2023,SWEDEN,oxy,2054,2632,0,35,4721,59.3293,18.0686,SWE
2023,UK,oxy,4400,3442,16,65,7923,51.509865,-0.118092,UK
2019,GERMANY,MDMA,0,0,0,0,0,52.52,13.405,DEU
2019,ITALY,MDMA,0,0,0,0,0,41.9028,12.4964,ITA
2019,POLAND,MDMA,0,0,0,0,0,52.2297,21.0122,POL
2019,UK,MDMA,0,0,0,0,0,51.509865,-0.118092,UK
2020,BELGIUM,MDMA,176,89,0,7,272,50.8503,4.3517,BEL
2020,CZECHIA,MDMA,10,9,0,1,20,50.088,14.4208,CZE
2020,DENMARK,MDMA,9,0,0,1,10,55.6761,12.5683,DNK
2020,GERMANY,MDMA,225,174,0,12,411,52.52,13.405,DEU
2020,IRELAND,MDMA,15,10,0,7,32,53.3498,6.2603,IRL
2020,ITALY,MDMA,61,28,0,2,91,41.9028,12.4964,ITA
2020,LUXEMBOURG,MDMA,10,11,0,1,22,49.6117,6.1319,LUX
2020,NETHERLANDS,MDMA,201,26,0,15,242,52.3676,4.9041,NLD
2020,POLAND,MDMA,38,19,0,8,65,52.2297,21.0122,POL
2020,PORTUGAL,MDMA,32,8,0,0,40,38.7223,-9.1393,PRT
2020,SPAIN,MDMA,4,1,0,3,8,40.4168,-3.7038,ESP
2020,SWEDEN,MDMA,49,24,0,6,79,59.3293,18.0686,SWE
2020,UK,MDMA,1582,1429,230,122,3363,51.509865,-0.118092,UK
2021,BELGIUM,MDMA,170,96,0,12,278,50.8503,4.3517,BEL
2021,CZECHIA,MDMA,14,13,0,2,29,50.088,14.4208,CZE
2021,DENMARK,MDMA,14,0,0,4,18,55.6761,12.5683,DNK
2021,GERMANY,MDMA,282,216,0,19,517,52.52,13.405,DEU
2021,IRELAND,MDMA,11,8,0,2,21,53.3498,6.2603,IRL
2021,ITALY,MDMA,60,23,0,2,85,41.9028,12.4964,ITA
2021,LUXEMBOURG,MDMA,7,8,0,3,18,49.6117,6.1319,LUX
2021,NETHERLANDS,MDMA,246,24,0,3,273,52.3676,4.9041,NLD
2021,POLAND,MDMA,68,39,0,11,118,52.2297,21.0122,POL
2021,PORTUGAL,MDMA,37,26,0,13,76,38.7223,-9.1393,PRT
2021,SPAIN,MDMA,5,1,0,0,6,40.4168,-3.7038,ESP
2021,SWEDEN,MDMA,84,35,0,16,135,59.3293,18.0686,SWE
2021,UK,MDMA,1778,1829,223,116,3946,51.509865,-0.118092,UK
2022,BELGIUM,MDMA,236,93,0,14,343,50.8503,4.3517,BEL
2022,CZECHIA,MDMA,27,15,0,6,48,50.088,14.4208,CZE
2022,DENMARK,MDMA,76,1,0,17,94,55.6761,12.5683,DNK
2022,GERMANY,MDMA,381,296,0,37,714,52.52,13.405,DEU
2022,IRELAND,MDMA,7,6,0,1,14,53.3498,6.2603,IRL
2022,ITALY,MDMA,41,26,0,0,67,41.9028,12.4964,ITA
2022,LUXEMBOURG,MDMA,18,13,0,9,40,49.6117,6.1319,LUX
2022,NETHERLANDS,MDMA,202,29,0,8,239,52.3676,4.9041,NLD
2022,POLAND,MDMA,158,84,0,17,259,52.2297,21.0122,POL
2022,PORTUGAL,MDMA,60,39,0,4,103,38.7223,-9.1393,PRT
2022,SPAIN,MDMA,4,5,0,1,10,40.4168,-3.7038,ESP
2022,SWEDEN,MDMA,142,67,0,26,235,59.3293,18.0686,SWE
2022,UK,MDMA,2317,2231,293,108,4949,51.509865,-0.118092,UK
2023,BELGIUM,MDMA,135,55,0,1,191,50.8503,4.3517,BEL
2023,CZECHIA,MDMA,21,13,0,0,34,50.088,14.4208,CZE
2023,DENMARK,MDMA,59,0,0,13,72,55.6761,12.5683,DNK
2023,GERMANY,MDMA,206,182,0,12,400,52.52,13.405,DEU
2023,IRELAND,MDMA,10,3,0,2,15,53.3498,6.2603,IRL
2023,ITALY,MDMA,16,11,0,0,27,41.9028,12.4964,ITA
2023,LUXEMBOURG,MDMA,10,14,0,1,25,49.6117,6.1319,LUX
2023,NETHERLANDS,MDMA,221,9,0,12,242,52.3676,4.9041,NLD
2023,POLAND,MDMA,61,29,0,8,98,52.2297,21.0122,POL
2023,PORTUGAL,MDMA,16,13,0,3,32,38.7223,-9.1393,PRT
2023,SPAIN,MDMA,9,3,0,2,14,40.4168,-3.7038,ESP
2023,SWEDEN,MDMA,75,31,0,5,111,59.3293,18.0686,SWE
2023,UK,MDMA,778,810,90,33,1711,51.509865,-0.118092,UK
2019,GERMANY,INHALANTS,0,0,0,0,0,52.52,13.405,DEU
2019,ITALY,INHALANTS,0,0,0,0,0,41.9028,12.4964,ITA
2019,POLAND,INHALANTS,0,0,0,0,0,52.2297,21.0122,POL
2019,UK,INHALANTS,1,0,0,0,1,51.509865,-0.118092,UK
2020,BELGIUM,INHALANTS,309,157,0,8,474,50.8503,4.3517,BEL
2020,CZECHIA,INHALANTS,20,8,0,0,28,50.088,14.4208,CZE
2020,DENMARK,INHALANTS,6,0,0,1,7,55.6761,12.5683,DNK
2020,GERMANY,INHALANTS,310,114,0,13,437,52.52,13.405,DEU
2020,IRELAND,INHALANTS,45,15,0,2,62,53.3498,6.2603,IRL
2020,ITALY,INHALANTS,2429,487,0,4,2920,41.9028,12.4964,ITA
2020,LUXEMBOURG,INHALANTS,36,11,0,1,48,49.6117,6.1319,LUX
2020,NETHERLANDS,INHALANTS,73,14,0,6,93,52.3676,4.9041,NLD
2020,POLAND,INHALANTS,40,21,0,3,64,52.2297,21.0122,POL
2020,PORTUGAL,INHALANTS,47,4,0,3,54,38.7223,-9.1393,PRT
2020,SPAIN,INHALANTS,7,3,0,0,10,40.4168,-3.7038,ESP
2020,SWEDEN,INHALANTS,69,19,0,2,90,59.3293,18.0686,SWE
2020,UK,INHALANTS,2626,1139,0,69,3834,51.509865,-0.118092,UK
2021,BELGIUM,INHALANTS,345,154,0,6,505,50.8503,4.3517,BEL
2021,CZECHIA,INHALANTS,21,20,0,0,41,50.088,14.4208,CZE
2021,DENMARK,INHALANTS,14,0,0,3,17,55.6761,12.5683,DNK
2021,GERMANY,INHALANTS,528,183,0,16,727,52.52,13.405,DEU
2021,IRELAND,INHALANTS,33,17,0,3,53,53.3498,6.2603,IRL
2021,ITALY,INHALANTS,1178,219,0,4,1401,41.9028,12.4964,ITA
2021,LUXEMBOURG,INHALANTS,45,9,0,2,56,49.6117,6.1319,LUX
2021,NETHERLANDS,INHALANTS,48,11,0,4,63,52.3676,4.9041,NLD
2021,POLAND,INHALANTS,56,56,0,3,115,52.2297,21.0122,POL
2021,PORTUGAL,INHALANTS,80,15,0,1,96,38.7223,-9.1393,PRT
2021,SPAIN,INHALANTS,8,4,0,1,13,40.4168,-3.7038,ESP
2021,SWEDEN,INHALANTS,92,26,0,4,122,59.3293,18.0686,SWE
2021,UK,INHALANTS,2872,1209,0,63,4144,51.509865,-0.118092,UK
2022,BELGIUM,INHALANTS,452,229,0,17,698,50.8503,4.3517,BEL
2022,CZECHIA,INHALANTS,49,21,0,1,71,50.088,14.4208,CZE
2022,DENMARK,INHALANTS,38,0,0,2,40,55.6761,12.5683,DNK
2022,GERMANY,INHALANTS,734,337,0,33,1104,52.52,13.405,DEU
2022,IRELAND,INHALANTS,43,3,0,1,47,53.3498,6.2603,IRL
2022,ITALY,INHALANTS,1216,232,0,3,1451,41.9028,12.4964,ITA
2022,LUXEMBOURG,INHALANTS,130,37,0,2,169,49.6117,6.1319,LUX
2022,NETHERLANDS,INHALANTS,81,11,0,11,103,52.3676,4.9041,NLD
2022,POLAND,INHALANTS,102,93,0,5,200,52.2297,21.0122,POL
2022,PORTUGAL,INHALANTS,102,21,0,6,129,38.7223,-9.1393,PRT
2022,SPAIN,INHALANTS,8,3,0,2,13,40.4168,-3.7038,ESP
2022,SWEDEN,INHALANTS,163,50,0,4,217,59.3293,18.0686,SWE
2022,UK,INHALANTS,4093,1674,0,88,5855,51.509865,-0.118092,UK
2023,BELGIUM,INHALANTS,322,166,0,9,497,50.8503,4.3517,BEL
2023,CZECHIA,INHALANTS,42,13,0,3,58,50.088,14.4208,CZE
2023,DENMARK,INHALANTS,23,0,0,2,25,55.6761,12.5683,DNK
2023,GERMANY,INHALANTS,479,309,0,29,817,52.52,13.405,DEU
2023,IRELAND,INHALANTS,27,4,0,0,31,53.3498,6.2603,IRL
2023,ITALY,INHALANTS,759,188,0,2,949,41.9028,12.4964,ITA
2023,LUXEMBOURG,INHALANTS,125,30,0,9,164,49.6117,6.1319,LUX
2023,NETHERLANDS,INHALANTS,100,13,0,6,119,52.3676,4.9041,NLD
2023,POLAND,INHALANTS,96,59,0,8,163,52.2297,21.0122,POL
2023,PORTUGAL,INHALANTS,44,8,0,2,54,38.7223,-9.1393,PRT
2023,SPAIN,INHALANTS,7,3,0,0,10,40.4168,-3.7038,ESP
2023,SWEDEN,INHALANTS,150,37,0,6,193,59.3293,18.0686,SWE
2023,UK,INHALANTS,2431,1158,0,59,3648,51.509865,-0.118092,UK
2019,GERMANY,fentanyl,1,0,0,0,1,52.52,13.405,DEU
2019,ITALY,fentanyl,0,0,0,0,0,41.9028,12.4964,ITA
2019,POLAND,fentanyl,0,0,0,0,0,52.2297,21.0122,POL
2019,UK,fentanyl,0,0,0,0,0,51.509865,-0.118092,UK
2020,BELGIUM,fentanyl,444,54,0,5,503,50.8503,4.3517,BEL
2020,CZECHIA,fentanyl,24,5,0,2,31,50.088,14.4208,CZE
2020,DENMARK,fentanyl,136,6,0,22,164,55.6761,12.5683,DNK
2020,GERMANY,fentanyl,1132,214,0,16,1362,52.52,13.405,DEU
2020,IRELAND,fentanyl,547,37,0,26,610,53.3498,6.2603,IRL
2020,ITALY,fentanyl,81,7,0,3,91,41.9028,12.4964,ITA
2020,LUXEMBOURG,fentanyl,7,3,0,0,10,49.6117,6.1319,LUX
2020,NETHERLANDS,fentanyl,189,3,0,12,204,52.3676,4.9041,NLD
2020,POLAND,fentanyl,30,6,0,1,37,52.2297,21.0122,POL
2020,PORTUGAL,fentanyl,45,9,0,3,57,38.7223,-9.1393,PRT
2020,SPAIN,fentanyl,15,1,0,3,19,40.4168,-3.7038,ESP
2020,SWEDEN,fentanyl,483,8,0,12,503,59.3293,18.0686,SWE
2020,UK,fentanyl,2313,310,0,51,2674,51.509865,-0.118092,UK
2021,BELGIUM,fentanyl,417,52,0,6,475,50.8503,4.3517,BEL
2021,CZECHIA,fentanyl,82,24,0,7,113,50.088,14.4208,CZE
2021,DENMARK,fentanyl,572,9,0,63,644,55.6761,12.5683,DNK
2021,GERMANY,fentanyl,1702,295,0,36,2033,52.52,13.405,DEU
2021,IRELAND,fentanyl,466,46,0,21,533,53.3498,6.2603,IRL
2021,ITALY,fentanyl,85,9,0,2,96,41.9028,12.4964,ITA
2021,LUXEMBOURG,fentanyl,18,3,0,0,21,49.6117,6.1319,LUX
2021,NETHERLANDS,fentanyl,222,15,0,10,247,52.3676,4.9041,NLD
2021,POLAND,fentanyl,83,9,0,2,94,52.2297,21.0122,POL
2021,PORTUGAL,fentanyl,115,13,0,5,133,38.7223,-9.1393,PRT
2021,SPAIN,fentanyl,12,2,0,0,14,40.4168,-3.7038,ESP
2021,SWEDEN,fentanyl,579,8,0,13,600,59.3293,18.0686,SWE
2021,UK,fentanyl,3012,530,0,54,3596,51.509865,-0.118092,UK
2022,BELGIUM,fentanyl,592,68,0,7,667,50.8503,4.3517,BEL
2022,CZECHIA,fentanyl,232,57,0,6,295,50.088,14.4208,CZE
2022,DENMARK,fentanyl,1859,10,0,233,2102,55.6761,12.5683,DNK
2022,GERMANY,fentanyl,1708,278,0,25,2011,52.52,13.405,DEU
2022,IRELAND,fentanyl,357,32,0,21,410,53.3498,6.2603,IRL
2022,ITALY,fentanyl,72,5,0,3,80,41.9028,12.4964,ITA
2022,LUXEMBOURG,fentanyl,20,6,0,1,27,49.6117,6.1319,LUX
2022,NETHERLANDS,fentanyl,382,12,0,20,414,52.3676,4.9041,NLD
2022,POLAND,fentanyl,211,33,0,12,256,52.2297,21.0122,POL
2022,PORTUGAL,fentanyl,95,14,0,8,117,38.7223,-9.1393,PRT
2022,SPAIN,fentanyl,11,1,0,3,15,40.4168,-3.7038,ESP
2022,SWEDEN,fentanyl,1120,17,0,21,1158,59.3293,18.0686,SWE
2022,UK,fentanyl,4733,776,0,47,5556,51.509865,-0.118092,UK
2023,BELGIUM,fentanyl,426,62,0,4,492,50.8503,4.3517,BEL
2023,CZECHIA,fentanyl,316,67,0,3,386,50.088,14.4208,CZE
2023,DENMARK,fentanyl,811,8,0,163,982,55.6761,12.5683,DNK
2023,GERMANY,fentanyl,1002,171,0,30,1203,52.52,13.405,DEU
2023,IRELAND,fentanyl,244,26,0,17,287,53.3498,6.2603,IRL
2023,ITALY,fentanyl,54,3,0,0,57,41.9028,12.4964,ITA
2023,LUXEMBOURG,fentanyl,29,5,0,3,37,49.6117,6.1319,LUX
2023,NETHERLANDS,fentanyl,270,20,0,23,313,52.3676,4.9041,NLD
2023,POLAND,fentanyl,127,26,0,2,155,52.2297,21.0122,POL
2023,PORTUGAL,fentanyl,39,9,0,1,49,38.7223,-9.1393,PRT
2023,SPAIN,fentanyl,7,0,0,0,7,40.4168,-3.7038,ESP
2023,SWEDEN,fentanyl,858,19,0,16,893,59.3293,18.0686,SWE
2023,UK,fentanyl,3242,603,0,29,3874,51.509865,-0.118092,UK
2019,GERMANY,heroin,1,0,0,0,1,52.52,13.405,DEU
2019,ITALY,heroin,0,0,0,0,0,41.9028,12.4964,ITA
2019,POLAND,heroin,0,0,0,0,0,52.2297,21.0122,POL
2019,UK,heroin,0,0,0,0,0,51.509865,-0.118092,UK
2020,BELGIUM,heroin,432,29,0,5,466,50.8503,4.3517,BEL
2020,CZECHIA,heroin,23,1,0,2,26,50.088,14.4208,CZE
2020,DENMARK,heroin,135,1,0,24,160,55.6761,12.5683,DNK
2020,GERMANY,heroin,1138,96,0,16,1250,52.52,13.405,DEU
2020,IRELAND,heroin,548,7,0,26,581,53.3498,6.2603,IRL
2020,ITALY,heroin,87,2,0,3,92,41.9028,12.4964,ITA
2020,LUXEMBOURG,heroin,7,0,0,0,7,49.6117,6.1319,LUX
2020,NETHERLANDS,heroin,192,61,0,11,264,52.3676,4.9041,NLD
2020,POLAND,heroin,29,2,0,1,32,52.2297,21.0122,POL
2020,PORTUGAL,heroin,48,3,0,3,54,38.7223,-9.1393,PRT
2020,SPAIN,heroin,15,0,0,3,18,40.4168,-3.7038,ESP
2020,SWEDEN,heroin,487,1,0,12,500,59.3293,18.0686,SWE
2020,UK,heroin,2332,270,0,51,2653,51.509865,-0.118092,UK
2021,BELGIUM,heroin,416,29,0,6,451,50.8503,4.3517,BEL
2021,CZECHIA,heroin,82,27,0,7,116,50.088,14.4208,CZE
2021,DENMARK,heroin,575,0,0,64,639,55.6761,12.5683,DNK
2021,GERMANY,heroin,1706,96,0,34,1836,52.52,13.405,DEU
2021,IRELAND,heroin,467,11,0,21,499,53.3498,6.2603,IRL
2021,ITALY,heroin,89,4,0,2,95,41.9028,12.4964,ITA
2021,LUXEMBOURG,heroin,18,2,0,0,20,49.6117,6.1319,LUX
2021,NETHERLANDS,heroin,218,68,0,9,295,52.3676,4.9041,NLD
2021,POLAND,heroin,82,11,0,2,95,52.2297,21.0122,POL
2021,PORTUGAL,heroin,121,2,0,5,128,38.7223,-9.1393,PRT
2021,SPAIN,heroin,12,0,0,0,12,40.4168,-3.7038,ESP
2021,SWEDEN,heroin,581,5,0,13,599,59.3293,18.0686,SWE
2021,UK,heroin,3030,340,0,54,3424,51.509865,-0.118092,UK
2022,BELGIUM,heroin,597,51,0,7,655,50.8503,4.3517,BEL
2022,CZECHIA,heroin,232,144,0,6,382,50.088,14.4208,CZE
2022,DENMARK,heroin,1868,3,0,232,2103,55.6761,12.5683,DNK
2022,GERMANY,heroin,1716,111,0,25,1852,52.52,13.405,DEU
2022,IRELAND,heroin,358,5,0,21,384,53.3498,6.2603,IRL
2022,ITALY,heroin,74,1,0,3,78,41.9028,12.4964,ITA
2022,LUXEMBOURG,heroin,20,3,0,1,24,49.6117,6.1319,LUX
2022,NETHERLANDS,heroin,376,92,0,20,488,52.3676,4.9041,NLD
2022,POLAND,heroin,205,20,0,11,236,52.2297,21.0122,POL
2022,PORTUGAL,heroin,96,5,0,8,109,38.7223,-9.1393,PRT
2022,SPAIN,heroin,11,0,0,3,14,40.4168,-3.7038,ESP
2022,SWEDEN,heroin,1124,11,0,21,1156,59.3293,18.0686,SWE
2022,UK,heroin,4809,463,0,49,5321,51.509865,-0.118092,UK
2023,BELGIUM,heroin,427,69,0,3,499,50.8503,4.3517,BEL
2023,CZECHIA,heroin,315,230,0,3,548,50.088,14.4208,CZE
2023,DENMARK,heroin,821,1,0,164,986,55.6761,12.5683,DNK
2023,GERMANY,heroin,1004,91,0,30,1125,52.52,13.405,DEU
2023,IRELAND,heroin,238,3,0,17,258,53.3498,6.2603,IRL
2023,ITALY,heroin,59,1,0,0,60,41.9028,12.4964,ITA
2023,LUXEMBOURG,heroin,29,7,0,3,39,49.6117,6.1319,LUX
2023,NETHERLANDS,heroin,278,114,0,22,414,52.3676,4.9041,NLD
2023,POLAND,heroin,124,16,0,2,142,52.2297,21.0122,POL
2023,PORTUGAL,heroin,39,4,0,0,43,38.7223,-9.1393,PRT
2023,SPAIN,heroin,7,0,0,0,7,40.4168,-3.7038,ESP
2023,SWEDEN,heroin,860,10,0,16,886,59.3293,18.0686,SWE
2023,UK,heroin,3309,322,0,30,3661,51.509865,-0.118092,UK
2020,FRANCE,COCAINE,3870,2952,0,194,7016,48.8566,2.3522,FRA
2020,FRANCE,GHB,1,0,0,0,1,48.8566,2.3522,FRA
2020,FRANCE,INHALANTS,385,32,0,13,430,48.8566,2.3522,FRA
2020,FRANCE,MDMA,2293,3647,0,16,5956,48.8566,2.3522,FRA
2020,FRANCE,fentanyl,382,15,0,12,409,48.8566,2.3522,FRA
2020,FRANCE,heroin,353,22,0,11,386,48.8566,2.3522,FRA
2020,FRANCE,marijuana,3289,9031,0,132,12452,48.8566,2.3522,FRA
2020,FRANCE,oxy,1288,1992,0,47,3327,48.8566,2.3522,FRA
2021,FRANCE,COCAINE,2743,2767,0,125,5635,48.8566,2.3522,FRA
2021,FRANCE,GHB,2,0,0,0,2,48.8566,2.3522,FRA
2021,FRANCE,INHALANTS,378,40,0,15,433,48.8566,2.3522,FRA
2021,FRANCE,MDMA,2046,3627,0,17,5690,48.8566,2.3522,FRA
2021,FRANCE,fentanyl,464,20,0,16,500,48.8566,2.3522,FRA
2021,FRANCE,heroin,442,45,0,12,499,48.8566,2.3522,FRA
2021,FRANCE,marijuana,5532,10619,0,196,16347,48.8566,2.3522,FRA
2021,FRANCE,oxy,1472,2478,0,43,3993,48.8566,2.3522,FRA
2022,FRANCE,COCAINE,2990,3230,0,97,6317,48.8566,2.3522,FRA
2022,FRANCE,GHB,3,0,0,0,3,48.8566,2.3522,FRA
2022,FRANCE,INHALANTS,469,56,0,22,547,48.8566,2.3522,FRA
2022,FRANCE,MDMA,2539,4589,0,12,7140,48.8566,2.3522,FRA
2022,FRANCE,fentanyl,523,27,0,23,573,48.8566,2.3522,FRA
2022,FRANCE,heroin,475,53,0,23,551,48.8566,2.3522,FRA
2022,FRANCE,marijuana,5971,14056,0,217,20244,48.8566,2.3522,FRA
2022,FRANCE,oxy,2041,3822,0,66,5929,48.8566,2.3522,FRA
2023,FRANCE,COCAINE,1697,1696,0,70,3463,48.8566,2.3522,FRA
2023,FRANCE,GHB,0,0,0,0,0,48.8566,2.3522,FRA
2023,FRANCE,INHALANTS,277,43,0,11,331,48.8566,2.3522,FRA
2023,FRANCE,MDMA,1155,2321,0,13,3489,48.8566,2.3522,FRA
2023,FRANCE,fentanyl,298,14,0,5,317,48.8566,2.3522,FRA
2023,FRANCE,heroin,279,24,0,7,310,48.8566,2.3522,FRA
2023,FRANCE,marijuana,2780,7573,0,130,10483,48.8566,2.3522,FRA
2023,FRANCE,oxy,987,2069,0,30,3086,48.8566,2.3522,FRA